filename,object_location,image_small,image_thumb
001_Juneteenth_flag.jpg,/objects/001_Juneteenth_flag.jpg,/objects/small/001_juneteenth_flag_sm.jpg,/objects/thumbs/001_juneteenth_flag_th.jpg
002_2007SessionLaws.jpg,/objects/002_2007SessionLaws.jpg,/objects/small/002_2007sessionlaws_sm.jpg,/objects/thumbs/002_2007sessionlaws_th.jpg
003_CooperJuneteenth.jpg,/objects/003_CooperJuneteenth.jpg,/objects/small/003_cooperjuneteenth_sm.jpg,/objects/thumbs/003_cooperjuneteenth_th.jpg
004_PerdueJuneteenth.jpg,/objects/004_PerdueJuneteenth.jpg,/objects/small/004_perduejuneteenth_sm.jpg,/objects/thumbs/004_perduejuneteenth_th.jpg
005_McCroryJuneteenth.jpg,/objects/005_McCroryJuneteenth.jpg,/objects/small/005_mccroryjuneteenth_sm.jpg,/objects/thumbs/005_mccroryjuneteenth_th.jpg
006_13thAmendment.jpg,/objects/006_13thAmendment.jpg,/objects/small/006_13thamendment_sm.jpg,/objects/thumbs/006_13thamendment_th.jpg
007_JuneteenthToolkit.jpg,/objects/007_JuneteenthToolkit.jpg,/objects/small/007_juneteenthtoolkit_sm.jpg,/objects/thumbs/007_juneteenthtoolkit_th.jpg
008_RichHeritage.jpg,/objects/008_RichHeritage.jpg,/objects/small/008_richheritage_sm.jpg,/objects/thumbs/008_richheritage_th.jpg
009_NextGenerationSECCA.jpg,/objects/009_NextGenerationSECCA.jpg,/objects/small/009_nextgenerationsecca_sm.jpg,/objects/thumbs/009_nextgenerationsecca_th.jpg
010_AfricanAmericanHistandCul.jpg,/objects/010_AfricanAmericanHistandCul.jpg,/objects/small/010_africanamericanhistandcul_sm.jpg,/objects/thumbs/010_africanamericanhistandcul_th.jpg
011_2023DNCRNews.jpg,/objects/011_2023DNCRNews.jpg,/objects/small/011_2023dncrnews_sm.jpg,/objects/thumbs/011_2023dncrnews_th.jpg
012_ParksandRec.jpg,/objects/012_ParksandRec.jpg,/objects/small/012_parksandrec_sm.jpg,/objects/thumbs/012_parksandrec_th.jpg
013_jonkonnu.jpg,/objects/013_jonkonnu.jpg,/objects/small/013_jonkonnu_sm.jpg,/objects/thumbs/013_jonkonnu_th.jpg
014_CHBMemorial.jpg,/objects/014_CHBMemorial.jpg,/objects/small/014_chbmemorial_sm.jpg,/objects/thumbs/014_chbmemorial_th.jpg
015_PalmerSchool.jpg,/objects/015_PalmerSchool.jpg,/objects/small/015_palmerschool_sm.jpg,/objects/thumbs/015_palmerschool_th.jpg
016_PalmerBaseball.jpg,/objects/016_PalmerBaseball.jpg,/objects/small/016_palmerbaseball_sm.jpg,/objects/thumbs/016_palmerbaseball_th.jpg
017_PalmerFootball.jpg,/objects/017_PalmerFootball.jpg,/objects/small/017_palmerfootball_sm.jpg,/objects/thumbs/017_palmerfootball_th.jpg
018_PalmerTennis.jpg,/objects/018_PalmerTennis.jpg,/objects/small/018_palmertennis_sm.jpg,/objects/thumbs/018_palmertennis_th.jpg
019_PalmerBuilding.jpg,/objects/019_PalmerBuilding.jpg,/objects/small/019_palmerbuilding_sm.jpg,/objects/thumbs/019_palmerbuilding_th.jpg
020_CHBWedding.jpg,/objects/020_CHBWedding.jpg,/objects/small/020_chbwedding_sm.jpg,/objects/thumbs/020_chbwedding_th.jpg
021_Princeville.jpg,/objects/021_Princeville.jpg,/objects/small/021_princeville_sm.jpg,/objects/thumbs/021_princeville_th.jpg
022_AAlifeinNC.jpg,/objects/022_AAlifeinNC.jpg,/objects/small/022_aalifeinnc_sm.jpg,/objects/thumbs/022_aalifeinnc_th.jpg
023_AACivilRightsNC.jpg,/objects/023_AACivilRightsNC.jpg,/objects/small/023_aacivilrightsnc_sm.jpg,/objects/thumbs/023_aacivilrightsnc_th.jpg
024_SNCC.jpg,/objects/024_SNCC.jpg,/objects/small/024_sncc_sm.jpg,/objects/thumbs/024_sncc_th.jpg
025_1963FreedomForAll.jpg,/objects/025_1963FreedomForAll.jpg,/objects/small/025_1963freedomforall_sm.jpg,/objects/thumbs/025_1963freedomforall_th.jpg
026_1960WomenPicketers.jpg,/objects/026_1960WomenPicketers.jpg,/objects/small/026_1960womenpicketers_sm.jpg,/objects/thumbs/026_1960womenpicketers_th.jpg
027_1963SirWalterHotelPicketers.jpg,/objects/027_1963SirWalterHotelPicketers.jpg,/objects/small/027_1963sirwalterhotelpicketers_sm.jpg,/objects/thumbs/027_1963sirwalterhotelpicketers_th.jpg
028_1963ProtestGovernorsMansion.jpg,/objects/028_1963ProtestGovernorsMansion.jpg,/objects/small/028_1963protestgovernorsmansion_sm.jpg,/objects/thumbs/028_1963protestgovernorsmansion_th.jpg
029_NHA_Vocational.jpg,/objects/029_NHA_Vocational.jpg,/objects/small/029_nha_vocational_sm.jpg,/objects/thumbs/029_nha_vocational_th.jpg
030_NHA_History.jpg,/objects/030_NHA_History.jpg,/objects/small/030_nha_history_sm.jpg,/objects/thumbs/030_nha_history_th.jpg
031_ElemEdJeanes.jpg,/objects/031_ElemEdJeanes.jpg,/objects/small/031_elemedjeanes_sm.jpg,/objects/thumbs/031_elemedjeanes_th.jpg
032_ProfessorJacobsSchool.jpg,/objects/032_ProfessorJacobsSchool.jpg,/objects/small/032_professorjacobsschool_sm.jpg,/objects/thumbs/032_professorjacobsschool_th.jpg
033_RosenwaldFundSchool18.jpg,/objects/033_RosenwaldFundSchool18.jpg,/objects/small/033_rosenwaldfundschool18_sm.jpg,/objects/thumbs/033_rosenwaldfundschool18_th.jpg
034_RosenwaldFundSchool34.jpg,/objects/034_RosenwaldFundSchool34.jpg,/objects/small/034_rosenwaldfundschool34_sm.jpg,/objects/thumbs/034_rosenwaldfundschool34_th.jpg
035_RosenwaldFundSchool43.jpg,/objects/035_RosenwaldFundSchool43.jpg,/objects/small/035_rosenwaldfundschool43_sm.jpg,/objects/thumbs/035_rosenwaldfundschool43_th.jpg
036_RosenwaldFundSchool21.jpg,/objects/036_RosenwaldFundSchool21.jpg,/objects/small/036_rosenwaldfundschool21_sm.jpg,/objects/thumbs/036_rosenwaldfundschool21_th.jpg
037_RosenwaldFundSchool54.jpg,/objects/037_RosenwaldFundSchool54.jpg,/objects/small/037_rosenwaldfundschool54_sm.jpg,/objects/thumbs/037_rosenwaldfundschool54_th.jpg
038_RosenwaldFundSchool51.jpg,/objects/038_RosenwaldFundSchool51.jpg,/objects/small/038_rosenwaldfundschool51_sm.jpg,/objects/thumbs/038_rosenwaldfundschool51_th.jpg
039_LumbertonNews.jpg,/objects/039_LumbertonNews.jpg,/objects/small/039_lumbertonnews_sm.jpg,/objects/thumbs/039_lumbertonnews_th.jpg
042_ColoredMerchantsAssoc.jpg,/objects/042_ColoredMerchantsAssoc.jpg,/objects/small/042_coloredmerchantsassoc_sm.jpg,/objects/thumbs/042_coloredmerchantsassoc_th.jpg
043_NationalNegroBusinessLeague.jpg,/objects/043_NationalNegroBusinessLeague.jpg,/objects/small/043_nationalnegrobusinessleague_sm.jpg,/objects/thumbs/043_nationalnegrobusinessleague_th.jpg
044_NCMutualLifeIns.jpg,/objects/044_NCMutualLifeIns.jpg,/objects/small/044_ncmutuallifeins_sm.jpg,/objects/thumbs/044_ncmutuallifeins_th.jpg
045_BlackWallStreet.jpg,/objects/045_BlackWallStreet.jpg,/objects/small/045_blackwallstreet_sm.jpg,/objects/thumbs/045_blackwallstreet_th.jpg
046_AfricanAmericanEducationInst.jpg,/objects/046_AfricanAmericanEducationInst.jpg,/objects/small/046_africanamericaneducationinst_sm.jpg,/objects/thumbs/046_africanamericaneducationinst_th.jpg
047_FreedmensConvention.jpg,/objects/047_FreedmensConvention.jpg,/objects/small/047_freedmensconvention_sm.jpg,/objects/thumbs/047_freedmensconvention_th.jpg
048_ConstConvention.jpg,/objects/048_ConstConvention.jpg,/objects/small/048_constconvention_sm.jpg,/objects/thumbs/048_constconvention_th.jpg
049_AfricanAmericanDanceEnsemble.jpg,/objects/049_AfricanAmericanDanceEnsemble.jpg,/objects/small/049_africanamericandanceensemble_sm.jpg,/objects/thumbs/049_africanamericandanceensemble_th.jpg
050_brierRabbit.jpg,/objects/050_brierRabbit.jpg,/objects/small/050_brierrabbit_sm.jpg,/objects/thumbs/050_brierrabbit_th.jpg
051_JackieTorrence.jpg,/objects/051_JackieTorrence.jpg,/objects/small/051_jackietorrence_sm.jpg,/objects/thumbs/051_jackietorrence_th.jpg
052_AMEChurch.jpg,/objects/052_AMEChurch.jpg,/objects/small/052_amechurch_sm.jpg,/objects/thumbs/052_amechurch_th.jpg
053_rosenwaldFund.jpg,/objects/053_rosenwaldFund.jpg,/objects/small/053_rosenwaldfund_sm.jpg,/objects/thumbs/053_rosenwaldfund_th.jpg
054_GreensboroFour.jpg,/objects/054_GreensboroFour.jpg,/objects/small/054_greensborofour_sm.jpg,/objects/thumbs/054_greensborofour_th.jpg
055_AnnaJCooper.jpg,/objects/055_AnnaJCooper.jpg,/objects/small/055_annajcooper_sm.jpg,/objects/thumbs/055_annajcooper_th.jpg
056_FreedomPark.jpg,/objects/056_FreedomPark.jpg,/objects/small/056_freedompark_sm.jpg,/objects/thumbs/056_freedompark_th.jpg
057_NinaSimone.jpg,/objects/057_NinaSimone.jpg,/objects/small/057_ninasimone_sm.jpg,/objects/thumbs/057_ninasimone_th.jpg
058_MayaAngelou.jpg,/objects/058_MayaAngelou.jpg,/objects/small/058_mayaangelou_sm.jpg,/objects/thumbs/058_mayaangelou_th.jpg
059_JohnChavis.jpg,/objects/059_JohnChavis.jpg,/objects/small/059_johnchavis_sm.jpg,/objects/thumbs/059_johnchavis_th.jpg
060_JCole.jpg,/objects/060_JCole.jpg,/objects/small/060_jcole_sm.jpg,/objects/thumbs/060_jcole_th.jpg
061_AlexManly.jpg,/objects/061_AlexManly.jpg,/objects/small/061_alexmanly_sm.jpg,/objects/thumbs/061_alexmanly_th.jpg
062_ArmondWendellScott.jpg,/objects/062_ArmondWendellScott.jpg,/objects/small/062_armondwendellscott_sm.jpg,/objects/thumbs/062_armondwendellscott_th.jpg
063_BerryOKelly.jpg,/objects/063_BerryOKelly.jpg,/objects/small/063_berryokelly_sm.jpg,/objects/thumbs/063_berryokelly_th.jpg
064_CharlesWaddellChesnutt.jpg,/objects/064_CharlesWaddellChesnutt.jpg,/objects/small/064_charleswaddellchesnutt_sm.jpg,/objects/thumbs/064_charleswaddellchesnutt_th.jpg
065_CharlotteHawkinsBrown.jpg,/objects/065_CharlotteHawkinsBrown.jpg,/objects/small/065_charlottehawkinsbrown_sm.jpg,/objects/thumbs/065_charlottehawkinsbrown_th.jpg
066_HiramRevels.jpg,/objects/066_HiramRevels.jpg,/objects/small/066_hiramrevels_sm.jpg,/objects/thumbs/066_hiramrevels_th.jpg
067_JamesWalkerHood.jpg,/objects/067_JamesWalkerHood.jpg,/objects/small/067_jameswalkerhood_sm.jpg,/objects/thumbs/067_jameswalkerhood_th.jpg
068_JohnMerrick.jpg,/objects/068_JohnMerrick.jpg,/objects/small/068_johnmerrick_sm.jpg,/objects/thumbs/068_johnmerrick_th.jpg
069_LynchLoretta.jpg,/objects/069_LynchLoretta.jpg,/objects/small/069_lynchloretta_sm.jpg,/objects/thumbs/069_lynchloretta_th.jpg
070_RobertaFlack.jpg,/objects/070_RobertaFlack.jpg,/objects/small/070_robertaflack_sm.jpg,/objects/thumbs/070_robertaflack_th.jpg
071_SugarRayLeonard.jpg,/objects/071_SugarRayLeonard.jpg,/objects/small/071_sugarrayleonard_sm.jpg,/objects/thumbs/071_sugarrayleonard_th.jpg
072_JohnColtrane.jpg,/objects/072_JohnColtrane.jpg,/objects/small/072_johncoltrane_sm.jpg,/objects/thumbs/072_johncoltrane_th.jpg
073_TheloniousMonk.jpg,/objects/073_TheloniousMonk.jpg,/objects/small/073_theloniousmonk_sm.jpg,/objects/thumbs/073_theloniousmonk_th.jpg
074_PauliMurray.jpg,/objects/074_PauliMurray.jpg,/objects/small/074_paulimurray_sm.jpg,/objects/thumbs/074_paulimurray_th.jpg
075_WillieVOKay.jpg,/objects/075_WillieVOKay.jpg,/objects/small/075_willievokay_sm.jpg,/objects/thumbs/075_willievokay_th.jpg
076_GoldenAFrinks.jpg,/objects/076_GoldenAFrinks.jpg,/objects/small/076_goldenafrinks_sm.jpg,/objects/thumbs/076_goldenafrinks_th.jpg
